name,family,blocks,mean_gini,worst_gini,seconds,gini_202608,gini_202609,gini_202610
catboost_trial_006,catboost,original,0.2583494662183398,0.24755349063914345,69.16758489998756,0.2619886512305494,0.24755349063914345,0.2655062567853266
catboost_trial_004,catboost,original,0.2579819244364363,0.24833963432504524,94.12557779997587,0.2617294809557589,0.24833963432504524,0.2638766580285048
features_observed_time,hgb,observed_time,0.2577164897289453,0.2458247508850233,10.219414099992719,0.25800593427714635,0.2458247508850233,0.26931878402466625
lightgbm_trial_004,lightgbm,observed_time,0.25756224732651317,0.24584483484780195,12.945128899998963,0.26312322326941473,0.24584483484780195,0.2637186838623229
catboost_promising,catboost,observed_time,0.2574157255378373,0.24382985643088895,81.18581320001977,0.2626260656772783,0.24382985643088895,0.2657912545053447
lightgbm_trial_005,lightgbm,observed_time,0.2569572726035175,0.24690455923676224,12.710058800003026,0.2616235661685382,0.24690455923676224,0.262343692405252
lightgbm_original,lightgbm,original,0.2569121025999542,0.24864511308663406,3.0694980999687687,0.25714288923824724,0.24864511308663406,0.26494830547498127
catboost_trial_002,catboost,observed_time,0.25679536501516886,0.24272557602366396,88.28991089999909,0.2651433071202258,0.24272557602366396,0.2625172119016168
baseline_hgb,hgb,original,0.25679502478032673,0.24584652257576667,1.8792851000325754,0.25973603627870334,0.24584652257576667,0.2648025154865101
catboost_trial_000,catboost,observed_time,0.2564610342532541,0.24672127197980886,128.3258500000229,0.2609312686047951,0.24672127197980886,0.26173056217515844
features_activity,hgb,activity,0.2562096073974414,0.23831453021543592,1.949642599967774,0.26523574184361864,0.23831453021543592,0.26507855013326975
lightgbm_trial_003,lightgbm,observed_time,0.2562030719677732,0.24202972578386728,13.200942999974359,0.26163720670931667,0.24202972578386728,0.2649422834101356
catboost_original,catboost,original,0.2558929736416012,0.24142265003500762,71.56291049998254,0.26670779690903745,0.24142265003500762,0.25954847398075853
lightgbm_promising,lightgbm,observed_time,0.25532535873491224,0.24930180803765256,13.257077900052536,0.25615049977737847,0.24930180803765256,0.2605237683897057
catboost_trial_005,catboost,original,0.2548743441664865,0.24460334215705637,93.73563660000218,0.2589631792858922,0.24460334215705637,0.26105651105651106
lightgbm_trial_002,lightgbm,original,0.25462366516315854,0.24617630462004536,3.9293045999947935,0.25804188111402127,0.24617630462004536,0.25965280975540894
features_economic,hgb,economic,0.25422583137078286,0.2436139960242194,1.9006833999883384,0.2554090962668327,0.2436139960242194,0.2636544018212965
catboost_trial_003,catboost,observed_time,0.25403891671738604,0.23775673612314208,87.41628559998935,0.2622324157181075,0.23775673612314208,0.2621275983109086
catboost_trial_007,catboost,original,0.25173807127661507,0.2381079523125711,120.00655549997464,0.2598190028620264,0.2381079523125711,0.2572872586552477
features_linkage,hgb,linkage,0.25160387203891904,0.238269974197171,2.051089900021907,0.2617336533564676,0.238269974197171,0.2548079885631185
catboost_trial_001,catboost,observed_time,0.2507003258581641,0.2364529662705035,77.35965619998751,0.25616381936425614,0.2364529662705035,0.2594841919397326
features_history,hgb,history,0.25026959176736413,0.23958184514403946,10.319043700001203,0.25086743809541456,0.23958184514403946,0.2603594920626384
lightgbm_trial_000,lightgbm,observed_time,0.24880449117610914,0.2388615228487565,16.72592729999451,0.25078399008124075,0.2388615228487565,0.2567679605983302
lightgbm_trial_001,lightgbm,original,0.2487159730706828,0.2360826787550745,6.56554129999131,0.2570931413836435,0.2360826787550745,0.2529720990733304
lightgbm_trial_007,lightgbm,observed_time,0.2481952929028799,0.23555003180945278,15.295486899965908,0.25265049749058166,0.23555003180945278,0.25638534940860525
lightgbm_trial_006,lightgbm,observed_time,0.2446838009149547,0.2324900122368716,14.68534239998553,0.2540678299159367,0.2324900122368716,0.24749356059205585
baseline_logistic,logistic,original,0.24060865906199438,0.23452709989012055,0.8687034000176936,0.2478519157216783,0.23452709989012055,0.23944696157418432
baseline_spline,spline,original,0.23940228237687525,0.22907354451817108,1.5345481000258587,0.24377323355197533,0.22907354451817108,0.24536006906047936
