month,variable,value,rows,positives,positive_rate,mean_score,sufficient_classes,gini
202608,banda_riesgo,high,2261,169,0.07474568774878372,0.0843000323091996,True,0.29786620204328695
202608,banda_riesgo,low,4523,811,0.17930577050630112,0.1772422759893489,True,0.235623325821676
202608,banda_riesgo,medium,3266,469,0.1436007348438457,0.13665689693778807,True,0.08870530640123864
202608,canal_adquisicion,branch,1552,185,0.11920103092783506,0.13869896837028517,True,0.22732359279542913
202608,canal_adquisicion,call_center,1455,235,0.16151202749140894,0.1426938715809752,True,0.3547889780258111
202608,canal_adquisicion,mobile,2717,416,0.15311004784688995,0.14481799794651612,True,0.26262619931133613
202608,canal_adquisicion,partner,1013,139,0.1372161895360316,0.13970194639814495,True,0.31547668044054467
202608,canal_adquisicion,web,3313,474,0.14307274373679443,0.1451016174363823,True,0.21659882022997934
202608,region,central,1501,201,0.13391072618254496,0.14225667526740862,True,0.23726750861079227
202608,region,east,1780,288,0.16179775280898875,0.14324368293548054,True,0.32805518319928506
202608,region,north,2164,300,0.13863216266173753,0.1410450047224077,True,0.25442060085836915
202608,region,south,2032,289,0.1422244094488189,0.1444391760695082,True,0.23784510260518088
202608,region,west,2573,371,0.14418966187329965,0.14433260456885913,True,0.2585030516242277
202609,banda_riesgo,high,2323,206,0.08867843306069738,0.08268968588155522,True,0.3227731127121636
202609,banda_riesgo,low,4376,772,0.17641681901279707,0.17612266492571055,True,0.23268044142087385
202609,banda_riesgo,medium,3201,415,0.1296469853170884,0.13649834812587666,True,0.09236717148565554
202609,canal_adquisicion,branch,1541,198,0.12848799480856588,0.13678699732282237,True,0.23168392788645953
202609,canal_adquisicion,call_center,1392,197,0.14152298850574713,0.14031140251749577,True,0.2774716989146826
202609,canal_adquisicion,mobile,2646,370,0.1398337112622827,0.14142763386914323,True,0.22843775233933417
202609,canal_adquisicion,partner,1022,137,0.13405088062622308,0.14038206531907066,True,0.23012082972493708
202609,canal_adquisicion,web,3299,491,0.1488329796908154,0.14426853871355763,True,0.26507041272825393
202609,region,central,1503,217,0.14437791084497673,0.14074471819071843,True,0.304405472618988
202609,region,east,1721,267,0.15514235909355026,0.14080292378065648,True,0.2312669685589026
202609,region,north,2131,276,0.1295166588456124,0.13922500037469754,True,0.20130083206375238
202609,region,south,2018,280,0.13875123885034688,0.1429645764090145,True,0.20924708203189213
202609,region,west,2527,353,0.13969133359715077,0.14273051053013924,True,0.2988212482832133
202610,banda_riesgo,high,2438,222,0.09105824446267433,0.08450870808838422,True,0.28004358148762476
202610,banda_riesgo,low,4621,891,0.19281540792036356,0.17684659337710187,True,0.2760786296085671
202610,banda_riesgo,medium,3341,515,0.15414546542951213,0.1365302615114485,True,0.08804925140340392
202610,canal_adquisicion,branch,1623,249,0.1534195933456562,0.13755251928832848,True,0.3301532184049152
202610,canal_adquisicion,call_center,1471,240,0.16315431679129844,0.13997356397464739,True,0.23499864608719223
202610,canal_adquisicion,mobile,2792,443,0.1586676217765043,0.1428571465943066,True,0.23460826229306542
202610,canal_adquisicion,partner,1062,147,0.1384180790960452,0.1399323638138011,True,0.24037024645923943
202610,canal_adquisicion,web,3452,549,0.15903823870220163,0.14564709355492284,True,0.2879346596417123
202610,region,central,1590,223,0.14025157232704402,0.14190269159293417,True,0.29580994682473793
202610,region,east,1802,292,0.16204217536071033,0.14128653654317477,True,0.28863739453869175
202610,region,north,2281,371,0.16264796142042964,0.14196901749212926,True,0.29738502137988476
202610,region,south,2105,328,0.15581947743467933,0.14382464391747285,True,0.19942833221241618
202610,region,west,2622,414,0.15789473684210525,0.14209844362907112,True,0.27196010992088504
202611,banda_riesgo,high,2341,211,0.09013242204186245,0.08360516107791723,True,0.31715283803929406
202611,banda_riesgo,low,4106,742,0.18071115440818314,0.17478681481026304,True,0.20886042479271572
202611,banda_riesgo,medium,3053,486,0.1591876842450049,0.13776405980576137,True,0.07267294130472068
202611,canal_adquisicion,branch,1463,187,0.12781954887218044,0.1341850920574209,True,0.3221380316161804
202611,canal_adquisicion,call_center,1347,224,0.16629547141796586,0.13890165515679592,True,0.18609273629309264
202611,canal_adquisicion,mobile,2539,388,0.15281606931862937,0.14221983354405837,True,0.208061941940215
202611,canal_adquisicion,partner,992,159,0.16028225806451613,0.13851584499688416,True,0.21150346931225306
202611,canal_adquisicion,web,3159,481,0.1522633744855967,0.14310567378912611,True,0.24166109005541414
202611,region,central,1476,205,0.1388888888888889,0.14008563372267138,True,0.21327934601139886
202611,region,east,1646,261,0.15856622114216282,0.1392587914617714,True,0.2883411483187408
202611,region,north,2065,332,0.16077481840193705,0.13984237837331873,True,0.22504327755337572
202611,region,south,1915,308,0.1608355091383812,0.1420509916706586,True,0.22120754168047263
202611,region,west,2398,333,0.13886572143452877,0.14061696904519622,True,0.22538519148688652
