month,predictor,mean,std,p10,median,p90
202608,edad,46.254228855721394,14.339366065953316,27.0,46.0,66.0
202608,ingresos,65197.787012082,21729.437835096593,36312.49331599007,64924.71211245676,93309.31434400417
202608,ratio_deuda_ingresos,0.33154994193667703,0.16847334979685902,0.12526521463190715,0.312323947367971,0.56214003654468
202608,antiguedad_cuenta_meses,89.1142288557214,51.41301320372692,18.0,89.0,161.0
202608,numero_productos,1.8918407960199004,1.0599236987238716,1.0,2.0,3.0
202608,saldo_promedio,26249.989244971104,16040.176998175966,3837.2789401079635,25597.89218917981,47824.881392298805
202608,dias_ultima_transaccion,192.30557213930348,104.78968345110545,42.0,199.0,331.0
202608,antiguedad_direccion_meses,119.96437810945274,69.12201994944196,24.0,120.0,216.0
202608,visitas_web_ultimos_90_dias,8.00587064676617,2.80231792148784,4.900000000000091,8.0,12.0
202608,distancia_sucursal_km,10.113627788593691,9.1820921582016,2.6674538661627683,7.480802631246879,20.1629385300451
202608,dia_preferido_pago,14.545174129353233,8.068432995360642,3.0,15.0,26.0
202608,dias_ultima_interaccion,192.8444776119403,104.62841096177868,42.90000000000009,200.0,331.10000000000036
202609,edad,46.27383838383838,14.345767774850737,27.0,46.0,66.0
202609,ingresos,65222.65212641657,21678.791295660936,36457.29545103439,64865.763932801405,93212.24353691279
202609,ratio_deuda_ingresos,0.3314172661142562,0.1676316475307716,0.1257880432809767,0.31271571530820197,0.5615232626350525
202609,antiguedad_cuenta_meses,88.68121212121213,51.540111170290054,18.0,88.0,161.0
202609,numero_productos,1.8863636363636365,1.0533385410779974,1.0,2.0,3.0
202609,saldo_promedio,26164.784023210166,15982.129181344259,3828.3065737220254,25415.701368200003,47470.19422575755
202609,dias_ultima_transaccion,193.4328282828283,104.58248005250945,44.0,200.0,332.0
202609,antiguedad_direccion_meses,120.65040404040404,68.92760223430865,25.0,121.0,216.0
202609,visitas_web_ultimos_90_dias,8.004242424242424,2.7912129923207276,5.0,8.0,12.0
202609,distancia_sucursal_km,10.09845285924954,9.118177157308192,2.6868872490162454,7.5103463656379885,20.14191485030305
202609,dia_preferido_pago,14.511717171717171,8.087282977301655,3.0,14.0,26.0
202609,dias_ultima_interaccion,194.08848484848485,104.62184825920593,45.0,201.0,333.0
202610,edad,46.33567307692308,14.418574627431198,27.0,46.0,66.10000000000036
202610,ingresos,65186.44686793631,21637.232572716068,36748.675642382805,64929.37651849551,92988.78525919946
202610,ratio_deuda_ingresos,0.33077982201204714,0.16734630103969977,0.12603659329246344,0.31249955541843305,0.5613815866199393
202610,antiguedad_cuenta_meses,88.21682692307692,51.41839492998145,18.0,87.0,160.0
202610,numero_productos,1.8872115384615384,1.0568374465649428,1.0,2.0,3.0
202610,saldo_promedio,26083.109751283813,15865.659818886219,4064.5575031059757,25410.427266794642,47093.86469054812
202610,dias_ultima_transaccion,192.8391346153846,104.58937694713813,43.0,199.0,332.0
202610,antiguedad_direccion_meses,120.35028846153845,68.83168902122222,25.0,121.0,216.0
202610,visitas_web_ultimos_90_dias,8.02548076923077,2.79876484915212,5.0,8.0,12.0
202610,distancia_sucursal_km,10.1516898504371,9.217343774763803,2.697064675827321,7.508030689717609,20.3960184978079
202610,dia_preferido_pago,14.554326923076923,8.0723678039681,3.0,15.0,26.0
202610,dias_ultima_interaccion,193.67634615384614,104.76855583372871,43.0,201.0,332.0
202611,edad,46.409789473684214,14.406954643398862,27.0,46.0,67.0
202611,ingresos,65045.06881748666,21500.291795641355,36703.909682778954,64885.748787740056,92834.83970140171
202611,ratio_deuda_ingresos,0.3310408002451259,0.16765164061816365,0.12586600374078027,0.31246215698977586,0.56514881968251
202611,antiguedad_cuenta_meses,88.3741052631579,51.15828851955878,19.0,88.0,160.0
202611,numero_productos,1.8606315789473684,1.043807087629475,1.0,2.0,3.0
202611,saldo_promedio,26087.454214008827,15881.387372772793,3914.894782800772,25474.710659912053,47202.55149111931
202611,dias_ultima_transaccion,194.1822105263158,104.35438478730632,43.0,201.0,332.0
202611,antiguedad_direccion_meses,120.18073684210526,68.62457593178449,24.0,120.0,215.0
202611,visitas_web_ultimos_90_dias,8.015263157894736,2.797303433639828,5.0,8.0,12.0
202611,distancia_sucursal_km,10.218557049771618,9.328123197636048,2.710092500138151,7.505511946599649,20.64097114226524
202611,dia_preferido_pago,14.573473684210526,8.053208380146813,3.0,15.0,26.0
202611,dias_ultima_interaccion,194.36484210526316,104.11848519644528,44.0,201.0,332.0
202612,edad,46.404141414141414,14.417168094057526,27.0,46.0,67.0
202612,ingresos,65341.78720699846,21667.436171027635,36876.40195732828,65194.44817682867,93375.90237776023
202612,ratio_deuda_ingresos,0.3324383209272668,0.16766124817572828,0.1272598000650616,0.31444566391858675,0.5653881352233571
202612,antiguedad_cuenta_meses,89.01676767676767,51.189733824584266,19.0,89.0,160.0
202612,numero_productos,1.8716161616161615,1.0513545609887387,1.0,2.0,3.0
202612,saldo_promedio,26279.170299826445,15875.96363450479,4248.566560498241,25706.944294712066,47535.082579830894
202612,dias_ultima_transaccion,194.30727272727273,104.38467583502434,45.0,201.0,333.0
202612,antiguedad_direccion_meses,120.30666666666667,68.81623944678415,24.0,121.0,215.0
202612,visitas_web_ultimos_90_dias,8.00929292929293,2.7974189150305735,5.0,8.0,12.0
202612,distancia_sucursal_km,10.161339722534017,9.167739896638933,2.6909750736049545,7.522815979446678,20.592760841939096
202612,dia_preferido_pago,14.581818181818182,8.065175008093476,3.0,15.0,26.0
202612,dias_ultima_interaccion,194.30727272727273,104.38467583502434,45.0,201.0,333.0
