month,predictor,value,fraction
202608,ocupacion,clerical,0.3008955223880597
202608,ocupacion,manual,0.2790049751243781
202608,ocupacion,professional,0.2247761194029851
202608,ocupacion,manager,0.10706467661691542
202608,ocupacion,self_employed,0.0882587064676617
202608,region,west,0.25601990049751244
202608,region,north,0.2153233830845771
202608,region,south,0.20218905472636817
202608,region,east,0.1771144278606965
202608,region,central,0.14935323383084578
202608,canal_adquisicion,web,0.32965174129353236
202608,canal_adquisicion,mobile,0.27034825870646767
202608,canal_adquisicion,branch,0.1544278606965174
202608,canal_adquisicion,call_center,0.14477611940298507
202608,canal_adquisicion,partner,0.10079601990049751
202608,banda_riesgo,low,0.4500497512437811
202608,banda_riesgo,medium,0.32497512437810944
202608,banda_riesgo,high,0.22497512437810946
202608,dispositivo_principal,android,0.4217910447761194
202608,dispositivo_principal,ios,0.3155223880597015
202608,dispositivo_principal,web,0.20218905472636817
202608,dispositivo_principal,otro,0.060497512437810944
202609,ocupacion,clerical,0.29797979797979796
202609,ocupacion,manual,0.2792929292929293
202609,ocupacion,professional,0.22434343434343434
202609,ocupacion,manager,0.10848484848484849
202609,ocupacion,self_employed,0.0898989898989899
202609,region,west,0.25525252525252523
202609,region,north,0.21525252525252525
202609,region,south,0.20383838383838385
202609,region,east,0.17383838383838385
202609,region,central,0.15181818181818182
202609,canal_adquisicion,web,0.3332323232323232
202609,canal_adquisicion,mobile,0.2672727272727273
202609,canal_adquisicion,branch,0.15565656565656566
202609,canal_adquisicion,call_center,0.1406060606060606
202609,canal_adquisicion,partner,0.10323232323232323
202609,banda_riesgo,low,0.44202020202020204
202609,banda_riesgo,medium,0.3233333333333333
202609,banda_riesgo,high,0.23464646464646466
202609,dispositivo_principal,android,0.4174747474747475
202609,dispositivo_principal,ios,0.31575757575757574
202609,dispositivo_principal,web,0.20515151515151514
202609,dispositivo_principal,otro,0.06161616161616162
202610,ocupacion,clerical,0.30038461538461536
202610,ocupacion,manual,0.28086538461538463
202610,ocupacion,professional,0.22673076923076924
202610,ocupacion,manager,0.10451923076923077
202610,ocupacion,self_employed,0.0875
202610,region,west,0.25211538461538463
202610,region,north,0.21932692307692309
202610,region,south,0.20240384615384616
202610,region,east,0.17326923076923076
202610,region,central,0.1528846153846154
202610,canal_adquisicion,web,0.33192307692307693
202610,canal_adquisicion,mobile,0.2684615384615385
202610,canal_adquisicion,branch,0.15605769230769231
202610,canal_adquisicion,call_center,0.1414423076923077
202610,canal_adquisicion,partner,0.10211538461538462
202610,banda_riesgo,low,0.44432692307692306
202610,banda_riesgo,medium,0.32125
202610,banda_riesgo,high,0.23442307692307693
202610,dispositivo_principal,android,0.4201923076923077
202610,dispositivo_principal,ios,0.31288461538461537
202610,dispositivo_principal,web,0.20432692307692307
202610,dispositivo_principal,otro,0.06259615384615384
202611,ocupacion,clerical,0.29894736842105263
202611,ocupacion,manual,0.2825263157894737
202611,ocupacion,professional,0.22578947368421054
202611,ocupacion,manager,0.1036842105263158
202611,ocupacion,self_employed,0.08905263157894737
202611,region,west,0.25242105263157893
202611,region,north,0.21736842105263157
202611,region,south,0.20157894736842105
202611,region,east,0.17326315789473684
202611,region,central,0.15536842105263157
202611,canal_adquisicion,web,0.33252631578947367
202611,canal_adquisicion,mobile,0.26726315789473687
202611,canal_adquisicion,branch,0.154
202611,canal_adquisicion,call_center,0.14178947368421052
202611,canal_adquisicion,partner,0.10442105263157894
202611,banda_riesgo,low,0.4322105263157895
202611,banda_riesgo,medium,0.3213684210526316
202611,banda_riesgo,high,0.24642105263157896
202611,dispositivo_principal,android,0.4191578947368421
202611,dispositivo_principal,ios,0.312
202611,dispositivo_principal,web,0.2063157894736842
202611,dispositivo_principal,otro,0.06252631578947368
202612,ocupacion,clerical,0.3012121212121212
202612,ocupacion,manual,0.2787878787878788
202612,ocupacion,professional,0.22595959595959597
202612,ocupacion,manager,0.10515151515151515
202612,ocupacion,self_employed,0.08888888888888889
202612,region,west,0.2549494949494949
202612,region,north,0.2175757575757576
202612,region,south,0.1985858585858586
202612,region,east,0.17323232323232324
202612,region,central,0.15565656565656566
202612,canal_adquisicion,web,0.33474747474747474
202612,canal_adquisicion,mobile,0.2673737373737374
202612,canal_adquisicion,branch,0.15494949494949495
202612,canal_adquisicion,call_center,0.1407070707070707
202612,canal_adquisicion,partner,0.10222222222222223
202612,banda_riesgo,low,0.43454545454545457
202612,banda_riesgo,medium,0.317979797979798
202612,banda_riesgo,high,0.2474747474747475
202612,dispositivo_principal,android,0.4194949494949495
202612,dispositivo_principal,ios,0.3097979797979798
202612,dispositivo_principal,web,0.20696969696969697
202612,dispositivo_principal,otro,0.06373737373737373
