predictor,customers,customers_with_history,changing_customers,changing_customer_fraction,changing_fraction_with_history,mean_distinct_values,mean_distinct_with_history,transitions,changed_transitions,transition_change_fraction,monthly_transitions,monthly_change_fraction,mean_signed_delta,median_absolute_delta,p90_absolute_delta,median_absolute_delta_when_changed
edad,23900,18558,0,0.0,0.0,1.0,1.0,76700,0,0.0,76700,0.0,0.0,0.0,0.0,
ingresos,23900,18558,0,0.0,0.0,1.0,1.0,76700,0,0.0,76700,0.0,0.0,0.0,0.0,
ratio_deuda_ingresos,23900,18558,0,0.0,0.0,1.0,1.0,76700,0,0.0,76700,0.0,0.0,0.0,0.0,
antiguedad_cuenta_meses,23900,18558,0,0.0,0.0,1.0,1.0,76700,0,0.0,76700,0.0,0.0,0.0,0.0,
numero_productos,23900,18558,0,0.0,0.0,1.0,1.0,76700,0,0.0,76700,0.0,0.0,0.0,0.0,
saldo_promedio,23900,18558,0,0.0,0.0,1.0,1.0,76700,0,0.0,76700,0.0,0.0,0.0,0.0,
dias_ultima_transaccion,23900,18558,0,0.0,0.0,1.0,1.0,76700,0,0.0,76700,0.0,0.0,0.0,0.0,
antiguedad_direccion_meses,23900,18558,0,0.0,0.0,1.0,1.0,76700,0,0.0,76700,0.0,0.0,0.0,0.0,
visitas_web_ultimos_90_dias,23900,18558,0,0.0,0.0,1.0,1.0,76700,0,0.0,76700,0.0,0.0,0.0,0.0,
distancia_sucursal_km,23900,18558,0,0.0,0.0,1.0,1.0,76700,0,0.0,76700,0.0,0.0,0.0,0.0,
dia_preferido_pago,23900,18558,0,0.0,0.0,1.0,1.0,76700,0,0.0,76700,0.0,0.0,0.0,0.0,
dias_ultima_interaccion,23900,18558,14557,0.6090794979079498,0.7844056471602543,2.537866108786611,2.980547472788016,76700,45643,0.5950847457627119,76700,0.5950847457627119,0.12466753585397654,30.0,214.0,106.0
ocupacion,23900,18558,0,0.0,0.0,1.0,1.0,76700,0,0.0,76700,0.0,,,,
region,23900,18558,0,0.0,0.0,1.0,1.0,76700,0,0.0,76700,0.0,,,,
canal_adquisicion,23900,18558,0,0.0,0.0,1.0,1.0,76700,0,0.0,76700,0.0,,,,
banda_riesgo,23900,18558,0,0.0,0.0,1.0,1.0,76700,0,0.0,76700,0.0,,,,
dispositivo_principal,23900,18558,0,0.0,0.0,1.0,1.0,76700,0,0.0,76700,0.0,,,,
tiene_tarjeta_credito,23900,18558,0,0.0,0.0,1.0,1.0,76700,0,0.0,76700,0.0,,,,
activo_movil,23900,18558,0,0.0,0.0,1.0,1.0,76700,0,0.0,76700,0.0,,,,
es_nuevo_cliente,23900,18558,0,0.0,0.0,1.0,1.0,76700,0,0.0,76700,0.0,,,,
tiene_prestamo,23900,18558,0,0.0,0.0,1.0,1.0,76700,0,0.0,76700,0.0,,,,
tiene_seguro,23900,18558,0,0.0,0.0,1.0,1.0,76700,0,0.0,76700,0.0,,,,
