name,family,blocks,mean_gini,worst_gini,seconds,fingerprint,gini_202608,gini_202609,gini_202610
r2_hgb_observed_shallow,hgb,observed_time,0.2617424861200877,0.25239710112469327,40.97552277599971,c797193f9056592a6a0d98560e64d6e92cc32c100bf6091c04b7a383bf082c9b,0.2645825204172818,0.25239710112469327,0.2682478368182881
r2_hgb_original_shallow,hgb,original,0.25973371697922926,0.25388694298542713,5.086144954999327,b5cb01f5f035bc143c441f8c149d7f0bfffbbe71a8f7948ed9bb1ab4d8addefb,0.26134497818275726,0.25388694298542713,0.2639692297695033
r2_hgb_lags_shallow,hgb,temporal_lags,0.25849521619336313,0.25218377230997047,6.898119915000279,4150cbc9db874f51b9ddac7094f14224c02a71fb4e891c403f1a30dbed45af0a,0.2568752939235641,0.25218377230997047,0.2664265823465548
r2_a_catboost_trial_006,catboost,original,0.2583494662183398,0.24755349063914345,93.85278093600209,d6d17c926c8bf5fa21a59c73cff928d5d9b1515efa19f3f37e0177e045558d65,0.2619886512305494,0.24755349063914345,0.2655062567853266
r2_reference_observed_time,hgb,observed_time,0.2577164897289453,0.2458247508850233,34.53186375600126,4168d5c157a065b64aa40582747c604da757ce91d1937a00777cfb910eebbf2a,0.25800593427714635,0.2458247508850233,0.26931878402466625
r2_reference_temporal_lags,hgb,temporal_lags,0.2573388892184014,0.2519373640271416,7.758886014999007,941540caefbf3e9521733b9bb98f9b24f8018a04f6508566f2de79d892683c16,0.25196213161212166,0.2519373640271416,0.268117172015941
r2_reference_original,hgb,original,0.25679502478032673,0.24584652257576667,4.164210913000716,1cd75a820e48856c5aff471d4c34a1f88d8d89a394c5b7181a42e71c6e248b06,0.25973603627870334,0.24584652257576667,0.2648025154865101
r2_hgb_observed_regularized,hgb,observed_time,0.25548978710952414,0.2389514787492688,43.61116352499812,cabd3d2c221a636c7a5b0c18ea88dec28ce33d8e093ab9663425d32350a1bc5b,0.2599677649949863,0.2389514787492688,0.26755011758431735
r2_hgb_lags_regularized,hgb,temporal_lags,0.2546457371413949,0.24474696780684213,8.44924360100049,105a11e5b2f70d620e98d99a7bf5d11b29547606a592221350831322c5930984,0.25582826206110654,0.24474696780684213,0.263361981556236
r2_hgb_observed_wide,hgb,observed_time,0.25454924120737155,0.24696531744348693,44.018939318000776,40c11beb323c2fd4e9c6c339671f0831ddc77d258225f8a50624bf6e4221c23d,0.2558139796125267,0.24696531744348693,0.260868426566101
r2_hgb_lags_strong_regularization,hgb,temporal_lags,0.25354952941716125,0.23789766140818447,8.20031838200157,71c682bb24fd86d7d9cb3df4020be591167c0c0e58db2a06a199bb5b15f4ab5c,0.2569930037666348,0.23789766140818447,0.26575792307666446
r2_hgb_original_wide,hgb,original,0.24900875136851627,0.23819740189469396,8.276631427997927,7964cf2acad2ac4c07bfc35cbcc7a827465c3e19fff4e98cdc75a94988cc21d3,0.25084625513797043,0.23819740189469396,0.2579825970728844
